taxon,durbin_watson
Arthropoda,1.9500098683936944
Bivalvia,2.050235453253874
Cnidaria,1.922736495179862
Echinodermata,1.610717470723774
Foraminifera,1.9871910984375578
Gastropoda,2.187108298045616
Mammalia,1.9422769095992662
Reptilia,1.3991383319357535
