type,pseudo_rsquared
mass,0.1107067794106744
no_mass,0.11674929302138741
